commithash,committimestamp,timestamp_unix,timedifference,additions,deletions,changes,fileschanged,committername
de7bd7143757b5828611fac2cf6d757d6d6616d2,2025-10-11T21:26:51Z,1760218011,0,2,0,2,2,Philipp Spiess
5f9596b582f13cdc1cf9df28a4ae75182115c7d4,2025-10-11T23:06:32Z,1760223992,5981,1009,9628,10637,44,Philipp Spiess
100f3447f355e013478e7dd3b36f4c3874c01015,2025-10-11T23:17:04Z,1760224624,632,180,332,512,11,Philipp Spiess
2d7355e176fc1cc827f219e53a91937db4358f3c,2025-10-12T21:45:50Z,1760305550,80926,90,0,90,4,Philipp Spiess
27921c03abfc8a4c88331cdddab81ce5ef09fb90,2025-10-12T21:47:50Z,1760305670,120,71,0,71,4,Philipp Spiess
99b4b8a4f2b448565181259a5de15bb800988456,2025-10-12T21:59:16Z,1760306356,686,91,85,176,21,Philipp Spiess
d4dcc2358f9f7feba7f1272be1de1efb376706ba,2025-10-12T22:22:02Z,1760307722,1366,4,1,5,1,Philipp Spiess
8e9408ee7894a32f84d1010d450618a6bbb9ebad,2025-10-13T09:35:43Z,1760348143,40421,89,57,146,3,Philipp Spiess
103fd453de76bf9d564ce02ec8e67555e0231be4,2025-10-13T09:57:11Z,1760349431,1288,804,908,1712,41,Philipp Spiess
35745df7a943cc075ffb0dcb3f1938bb96e3a62f,2025-10-13T10:11:02Z,1760350262,831,58,5,63,8,Philipp Spiess
89434be3df5b02490d2aad21d38c05e98dc9b41e,2025-10-13T11:26:56Z,1760354816,4554,63,32,95,8,Philipp Spiess
16c9a885c8d0d66e5ee1f46a474c534a2f2faa0e,2025-10-13T11:27:37Z,1760354857,41,0,421,421,1,Philipp Spiess
e1da04e95d5dfbd851c1945a1989795853d28e82,2025-10-13T11:28:07Z,1760354887,30,0,39,39,1,Philipp Spiess
293be664bac955445c28785a83e77bead1f97281,2025-10-13T21:39:13Z,1760391553,36666,13,13,26,3,Philipp Spiess
71a65fea052c7458eedf56c50ef958dcc20764ed,2025-10-13T22:30:05Z,1760394605,3052,1304,19,1323,20,Philipp Spiess
5d1c6cd4891c9520a711503358f898714861cd08,2025-10-13T22:33:22Z,1760394802,197,5,5,10,3,Philipp Spiess
c1336756236f38bd91a568ff99bebaf5b7282f71,2025-10-14T09:01:04Z,1760432464,37662,348,118,466,9,Philipp Spiess
ae04774e5852015f9bdbff27dbdc046c3f10e307,2025-10-14T09:02:42Z,1760432562,98,1,2,3,1,Philipp Spiess
bfd62506561c0a30adab78a549dee84e2aa521cd,2025-10-14T09:04:38Z,1760432678,116,5,3,8,1,Philipp Spiess
9fe87b1b99b269893408bd2e1741e9011b8d481a,2025-10-14T09:13:24Z,1760433204,526,9,3,12,1,Philipp Spiess
41db00194e411665a411dd624c3661d22dabd6c7,2025-10-14T09:20:15Z,1760433615,411,7,2,9,2,Philipp Spiess
16ee0789012553dc0739f655817b835720206e12,2025-10-14T09:48:40Z,1760435320,1705,323,251,574,10,Philipp Spiess
05136457c5e0c9014567a427e9d9daba0165ba32,2025-10-14T09:58:23Z,1760435903,583,17,13,30,1,Philipp Spiess
d60d2dd75e68986c669e169fb62d87036019018d,2025-10-14T09:59:59Z,1760435999,96,0,1,1,1,Philipp Spiess
38a0d394cb9d3bd4327f2b067d6b983ae66e2b40,2025-10-14T10:10:37Z,1760436637,638,23,28,51,5,Philipp Spiess
c9bb940f1a9fb70d44894c45547631ace9cbf7d6,2025-10-14T10:23:36Z,1760437416,779,6,1,7,2,Philipp Spiess
70854cf30adbda50fdb868563a4115a8632b004a,2025-10-14T10:25:32Z,1760437532,116,6,7,13,1,Philipp Spiess
5a73c21eda59d2c62a020a320c38cca87c96e497,2025-10-14T21:50:31Z,1760478631,41099,55,25,80,6,Philipp Spiess
5cca71e52a21801db788ff509a0b711d97c51be9,2025-10-14T21:50:55Z,1760478655,24,1,1,2,1,Philipp Spiess
2de280ca70e8268f969b31c5f6bfb45af8dae663,2025-10-14T22:10:26Z,1760479826,1171,0,99,99,6,Philipp Spiess
ebac856e709e3d21e49b638a06633c49637424a4,2025-10-14T22:12:42Z,1760479962,136,63,4,67,1,Philipp Spiess
be24e2bea032cd6be58c3d00da42ddeadab2957b,2025-10-14T22:14:24Z,1760480064,102,1,1,2,1,Philipp Spiess
207347cc78b19056668286e2047253782a9c52c3,2025-10-14T22:30:45Z,1760481045,981,37,10,47,4,Philipp Spiess
ee7ec2e78e50aea7c2117ebb795c9c3bf9fcc77b,2025-10-14T22:51:00Z,1760482260,1215,33,0,33,1,Philipp Spiess
8a2a5c531f7306e4cbaf28c95ae96261735f14e4,2025-10-14T22:51:07Z,1760482267,7,1,7,8,1,Philipp Spiess
2a99d10b65c2d9789d203fe8cfefbec96d135411,2025-10-14T22:52:49Z,1760482369,102,30,44,74,7,Philipp Spiess
7dadde0e3bde9ea903892e706d4978f4e2affcc7,2025-10-14T22:54:47Z,1760482487,118,7,0,7,1,Philipp Spiess
28e609681328717de84592a0649173402221ca2a,2025-10-14T23:06:02Z,1760483162,675,12,6,18,2,Philipp Spiess
416dce3b8838713667ec2def59b8ee70ab6ffd2d,2025-10-14T23:10:00Z,1760483400,238,21,17,38,2,Philipp Spiess
09dd13bbe8b1ddd464a8d95ed9da4989cfe59a5d,2025-10-14T23:15:39Z,1760483739,339,3,1,4,2,Philipp Spiess
1838f575910e8a6c4cd589b86032ea50c4cf0e60,2025-10-14T23:22:00Z,1760484120,381,67,160,227,2,Philipp Spiess
73f50aa2657aadc49675a8b7d1cd17aaea4ab9f4,2025-10-14T23:24:27Z,1760484267,147,2,2,4,2,Philipp Spiess
b80ffa8f712ca79705d33e00b02ac1c3da40e71f,2025-10-14T23:29:11Z,1760484551,284,13,4,17,2,Philipp Spiess
669c00c90be137a5faac6b33abbda8741628f150,2025-10-14T23:31:12Z,1760484672,121,1,1,2,1,Philipp Spiess
c4e48f50e5b27abbca3bd9637ee04b8ac44c8716,2025-10-15T08:31:11Z,1760517071,32399,4,5,9,4,Philipp Spiess
dd17caa7a1613a5c26e25e4b58ee35cace385349,2025-10-16T15:23:56Z,1760628236,111165,590,307,897,4,Philipp Spiess
b6534606a7673994b1a1b6bb0f4d616b10e917db,2025-10-16T15:23:56Z,1760628236,0,3751,0,3751,5,Philipp Spiess
4a7948d224a42f406f463d05e2ec88a08a7d3434,2025-10-16T20:36:20Z,1760646980,18744,21,10,31,2,Philipp Spiess
9468c56f96d6d02a346c8de0e6c586d27956029c,2025-10-16T21:54:42Z,1760651682,4702,109,62,171,7,Philipp Spiess
e5cd9bea0f445ae81f3ad2184209abe3173f35a4,2025-10-16T23:50:30Z,1760658630,6948,3448,908,4356,36,Philipp Spiess
fdb6a921c921f2c0ba2c0d58b6e1e11fc0458aaa,2025-10-16T23:55:47Z,1760658947,317,68,32,100,2,Philipp Spiess
91e30cc6ff6b01e817848ce34db4565c83e5fc23,2025-10-17T08:21:51Z,1760689311,30364,11,13,24,3,Philipp Spiess
220e1eb42e4ddf5e03d827e0d7689c392c771619,2025-10-17T09:11:07Z,1760692267,2956,178,2,180,5,Philipp Spiess
796a23fe15ec05b258195711cd7a17f6e20fc946,2025-10-17T10:54:35Z,1760698475,6208,73,35,108,3,Philipp Spiess
d574b252efa518ac50ea6281810bc810b225a5d6,2025-10-17T11:48:56Z,1760701736,3261,31,1,32,1,Philipp Spiess
25955014c88419efe03ddfdda5bfcac8e005c439,2025-10-17T11:54:48Z,1760702088,352,17,1,18,5,Philipp Spiess
675400ae5e09cda3c6120bc619c1d997648446bd,2025-10-17T11:57:18Z,1760702238,150,15,0,15,1,Philipp Spiess
568cce77324261f60ab10de49e0064ce53a2e8b7,2025-10-17T11:58:24Z,1760702304,66,5,10,15,1,Philipp Spiess
2452d46edea7aaf57da19316e0087729a3e610a9,2025-10-17T12:03:29Z,1760702609,305,10,10,20,2,Philipp Spiess
dc30e756da94d84a85bbf7de8e87f24e6d83a3e6,2025-10-17T12:13:38Z,1760703218,609,3,4,7,1,Philipp Spiess
e293dc810c9b3c5535c653b3b4d96cce5900d937,2025-10-17T12:32:56Z,1760704376,1158,21,6,27,2,Philipp Spiess
4e66c5b26481d8fad0e1f0612e71544ae5d8cba3,2025-10-17T20:40:40Z,1760733640,29264,0,24,24,2,Philipp Spiess
1aa2e0054e59b0fc3e2c661a3d321e97e886bf15,2025-10-17T21:46:41Z,1760737601,3961,476,72,548,12,Philipp Spiess
feaaea4cd77a4c422633b875bcd48a82de1c402c,2025-10-18T21:14:52Z,1760822092,84491,1713,1,1714,7,Philipp Spiess
e6464d4cfb633f5651f9047fd53d69537d9456a3,2025-10-18T21:47:32Z,1760824052,1960,120,48,168,12,Philipp Spiess
be586825e3646083a3262d35f41d65e6e1b46b21,2025-10-18T22:10:07Z,1760825407,1355,70,76,146,3,Philipp Spiess
1fe53da22231cd76cdaad3dfb4d94dd93a418bb2,2025-10-18T23:17:33Z,1760829453,4046,1250,242,1492,19,Philipp Spiess
eaec534ef1f6546e7402c3bf3c1bd50531b62320,2025-10-20T20:51:15Z,1760993475,164022,186,23,209,8,Philipp Spiess
94c12dad208720e17a64979fa985f02cf83cab89,2025-10-20T20:58:45Z,1760993925,450,24,3,27,4,Philipp Spiess
b2be77c6aab8f31fde75fec8eefb9a3a7ca80aef,2025-10-20T21:03:27Z,1760994207,282,17,10,27,2,Philipp Spiess
fb63851dd6c52f097f21d2b6b33262fb9c2b67e8,2026-01-07T23:09:05Z,1767827345,6833138,19,0,19,2,Philipp Spiess
0972f262a812c9953a1910a6c008be51c3b17f90,2026-01-07T23:09:10Z,1767827350,5,65,0,65,1,Philipp Spiess
842cfc447d6021036d41ddffcecdeda5c36a8f60,2026-01-07T23:09:16Z,1767827356,6,247,0,247,2,Philipp Spiess
efce00058f9c0d7ce44eb1d283a3606331cfa4d2,2026-01-07T23:13:16Z,1767827596,240,116,4,120,2,Philipp Spiess
6900534823a39a7e0e3a01c70f6054f28475694e,2026-01-07T23:24:09Z,1767828249,653,13,7,20,2,Philipp Spiess
6ceca2b27d7eaafc9a05726a2f9bf464c9168244,2026-01-07T23:27:55Z,1767828475,226,6,1,7,1,Philipp Spiess
ff55bf83e88f1e6b5028b4bff19af16a9d71d179,2026-01-07T23:31:55Z,1767828715,240,897,2,899,7,Philipp Spiess
3831132cf4ee8f03c9575e39905bff8436354377,2026-01-07T23:36:22Z,1767828982,267,14,2,16,1,Philipp Spiess
99ff7c0cb9c505b4e8cde21b4ff82c5c2295d55c,2026-01-07T23:41:09Z,1767829269,287,127,64,191,2,Philipp Spiess
ff6a4d6b2ad75ab0d916ddd76b6f609cb52e55f8,2026-01-07T23:45:21Z,1767829521,252,2,2,4,1,Philipp Spiess
e7255b45185abc9c8817a51f6adfc45a078a1237,2026-01-08T00:06:43Z,1767830803,1282,85,142,227,15,Philipp Spiess
146ef220ed5469e3cfd58564c310728f8c41a56c,2026-01-08T00:23:37Z,1767831817,1014,5,12,17,1,Philipp Spiess
311aacad3c3ae1aa4688dc8fe2affdc331db4dbf,2026-01-08T00:29:39Z,1767832179,362,0,13,13,1,Philipp Spiess
1fe4655419054b76f9429bd171999aa23620eb0c,2026-01-08T00:33:45Z,1767832425,246,4,0,4,1,Philipp Spiess
06ee5046d07197aa7175511715b927107fdf0ad9,2026-01-08T00:43:19Z,1767832999,574,132,0,132,5,Philipp Spiess
04af4b9c7d0a9476454c7ad937666b76125e8d12,2026-01-08T00:55:53Z,1767833753,754,252,4,256,2,Philipp Spiess
114823d531b900ca6f9866fb907f1d504168482f,2026-01-08T01:06:44Z,1767834404,651,7,5,12,1,Philipp Spiess
15fd3f1f2ab6d835c2add876e460f18e027a38b6,2026-01-08T01:12:03Z,1767834723,319,128,67,195,2,Philipp Spiess
02337f2915340926b75dd41620c37d4f3e2a863c,2026-01-08T03:19:11Z,1767842351,7628,93,7,100,2,Philipp Spiess
e88523dd76d00161609b72bed6a4aa04339a8f83,2026-01-09T14:44:56Z,1767969896,127545,115,155,270,2,Philipp Spiess
ecdbcfc7d56328ff990fccea695a4b02e97f0d8a,2026-01-09T21:58:34Z,1767995914,26018,41,127,168,3,Philipp Spiess
15e96788a922d4c97adc57c1f6a83e837be784a1,2026-01-09T22:00:03Z,1767996003,89,2,26,28,2,Philipp Spiess
3878c1a901cc0fe71ef1069a00b9f1579059000f,2026-01-09T22:28:21Z,1767997701,1698,0,4,4,1,Philipp Spiess
41fd9b6980c6e64dd827883c1fff03e9855bb2e0,2026-01-09T22:30:32Z,1767997832,131,5,0,5,1,Philipp Spiess
acf38e45ceff6425eee77e246c6486e7c193ee0c,2026-01-09T22:51:56Z,1767999116,1284,35,0,35,1,Philipp Spiess
726fdc31de64d5b8e3f0ab539f478f83e49becfc,2026-01-09T22:54:51Z,1767999291,175,496,578,1074,5,Philipp Spiess
5889cbf131d68d302ff70241936f130f159033e9,2026-01-09T23:07:03Z,1768000023,732,1,0,1,1,Philipp Spiess
92b1366818514dd91da12de8eaca31c7a83cb27b,2026-01-09T23:08:12Z,1768000092,69,0,35,35,1,Philipp Spiess
a950aa6240ca7c0dd542d623c852f0a5c6e09d1c,2026-01-09T23:10:19Z,1768000219,127,13,9,22,1,Philipp Spiess
7a767c6ed5d292d8027c6fde6802f4605bcfdc5b,2026-01-09T23:11:39Z,1768000299,80,60,18,78,4,Philipp Spiess
5c03291456df60091a163d2401c420eab5b9c03e,2026-01-09T23:23:25Z,1768001005,706,23,66,89,1,Philipp Spiess
0fb0015fd2175c0ada616f54cc9dea71c5b35391,2026-01-09T23:24:07Z,1768001047,42,3,0,3,1,Philipp Spiess
93b5058275dff33960cd5901e177c68be3694f70,2026-01-09T23:24:52Z,1768001092,45,2,0,2,1,Philipp Spiess
8571f03120968c21a0c6fe3e24d989b1ef012cdc,2026-01-09T23:33:08Z,1768001588,496,2,0,2,1,Philipp Spiess
bdcf50590052d8a4c53976b61f65b7efc0e20829,2026-01-09T23:38:48Z,1768001928,340,2,0,2,1,Philipp Spiess
642ec3bf681ecbeeede6ab01a4955a4d09125de8,2026-01-09T23:39:26Z,1768001966,38,5,0,5,1,Philipp Spiess
b94bc90d5897ec72dbc17bb708d243f0e4b22fb9,2026-01-09T23:55:44Z,1768002944,978,12,472,484,11,Philipp Spiess
b56b4fe0a37822c05cdb26be06fb0a60f61c2e5f,2026-01-10T00:05:23Z,1768003523,579,2,0,2,1,Philipp Spiess
9e6bd71502b5dae6193b63f043589738136ef2ff,2026-01-10T00:19:22Z,1768004362,839,4,24,28,21,Philipp Spiess
ad6ff696894098f2e78da2df77dc5c316acaa5f7,2026-01-10T00:23:14Z,1768004594,232,360,169,529,5,Philipp Spiess
e74073e13d2959642b50be700500ffc6cfccc5dc,2026-01-10T00:29:28Z,1768004968,374,340,0,340,1,Philipp Spiess
ee593bd78e034b8487f3ae97260e1829abf73240,2026-01-10T00:44:21Z,1768005861,893,251,0,251,1,Philipp Spiess
75391cbdd337d288658abd0a1146ac8d87ff1632,2026-01-10T01:01:30Z,1768006890,1029,7,1,8,2,Philipp Spiess
5e33631cf318b04e73a25a889de54a1f5cbbd0c0,2026-01-10T14:36:32Z,1768055792,48902,5,5,10,2,Philipp Spiess
ee4e21fe0030f66dc338726d24abefa474f1139f,2026-01-10T15:37:11Z,1768059431,3639,310,32,342,4,Philipp Spiess
e9dd7260e880082a7124154319c967f129743013,2026-01-10T15:37:41Z,1768059461,30,28,17,45,1,Philipp Spiess
98caa641cc198768611cde3f76a4b69789505aa8,2026-01-10T15:38:21Z,1768059501,40,36,246,282,2,Philipp Spiess
137b475bb3eeee5f9abf20372633675932b4b8f2,2026-01-10T22:57:02Z,1768085822,26321,1374,1251,2625,8,Philipp Spiess
99f71f9e656a186fef20b048bd1e8bc8d441a372,2026-01-10T23:22:31Z,1768087351,1529,165,128,293,18,Philipp Spiess
60013a848a87fd85476661c513d29ae81552efe2,2026-01-11T21:33:42Z,1768167222,79871,148,56,204,3,Philipp Spiess
fd35186e6dff3b4cb7e6f5b2eaf39f159162667e,2026-01-11T21:35:02Z,1768167302,80,5,11,16,3,Philipp Spiess
54f76758a876d860f162c165250369d04c471387,2026-01-11T21:35:46Z,1768167346,44,0,11,11,1,Philipp Spiess
3cbb9c43f10024d65bee9dbfaa0b410d0de1adb2,2026-01-11T21:45:11Z,1768167911,565,166,166,332,35,Philipp Spiess
430185604911ea8cd24920102bb545f3e72fc12d,2026-01-11T21:49:35Z,1768168175,264,827,14,841,7,Philipp Spiess
2dd07b5dff55e3fd22f53fd72f68be4882df2fd0,2026-01-11T21:50:39Z,1768168239,64,1,2,3,1,Philipp Spiess
73cf1d61c62b8b678c0d7d27a9092ea842c525e0,2026-01-11T21:51:55Z,1768168315,76,26,12,38,6,Philipp Spiess
e6ec27c5b534eb30a3c160247fedd42500738771,2026-01-11T22:06:28Z,1768169188,873,63,64,127,4,Philipp Spiess
c4a8cfca1885a7f3be405167260ad9e4c4b8ee85,2026-01-11T22:16:07Z,1768169767,579,118,94,212,3,Philipp Spiess
efc5742c9bee4836d0afc5cb480ddefbceacdd5a,2026-01-11T22:17:50Z,1768169870,103,237,221,458,9,Philipp Spiess
0b61da4ed5b1d80ba66e61574b67904f9ebf90dd,2026-01-11T22:20:56Z,1768170056,186,2,1,3,1,Philipp Spiess
eb811e17eb4c31f43b163e3fe3c28324f624e987,2026-01-11T22:22:07Z,1768170127,71,2,2,4,1,Philipp Spiess
28e95b169fdbe0ca41d681697e21e39455332b5e,2026-01-11T23:03:29Z,1768172609,2482,1293,1014,2307,13,Philipp Spiess
6681b8110dd8e30839a040c2fc9e3d92caa21bc9,2026-01-11T23:10:52Z,1768173052,443,58,12,70,2,Philipp Spiess
2bb9f1a83b4e2577e4c2b47fcd38694420a87c85,2026-01-12T14:00:33Z,1768226433,53381,865,729,1594,17,Philipp Spiess
2697df6af6d91672c4ff247472e8bf2321e5b18e,2026-01-12T22:36:32Z,1768257392,30959,0,5,5,1,Philipp Spiess
23aeb4e8ea3a57dc54c5d7267d350a9458e7a60a,2026-01-12T22:55:23Z,1768258523,1131,14,16,30,3,Philipp Spiess
02ea2d1ef4401dcd7260ce559426c73b1b3e4c80,2026-01-12T23:00:52Z,1768258852,329,2,2,4,1,Philipp Spiess
5d9b7b85246d4152fa19e1f54878fbc560f5b23e,2026-01-12T23:01:00Z,1768258860,8,1,1,2,1,Philipp Spiess
18611b756028cd175997700405fc3b34f4c38606,2026-01-12T23:04:21Z,1768259061,201,1,1,2,1,Philipp Spiess
a68da0469961c942b20e002e5c3ead4ae7597759,2026-01-12T23:10:48Z,1768259448,387,178,123,301,1,Philipp Spiess
7892cd8929c95f2bf7eef9b99139aa91b65b96b1,2026-01-12T23:24:47Z,1768260287,839,28,5,33,2,Philipp Spiess
c7d0db08b88fa549b9ad2e9fbdcacbdfa7e2ea19,2026-01-12T23:24:56Z,1768260296,9,347,24,371,7,Philipp Spiess
d2bb74c380ce985fc6a315b6df53cf73f14886fa,2026-01-12T23:42:52Z,1768261372,1076,757,217,974,2,Philipp Spiess
d319e8823eb5ee459910c83fbe627df728f5bc66,2026-01-12T23:49:07Z,1768261747,375,16,1,17,1,Philipp Spiess
d1b2a9721df3083d1fcb68a488fbb6b6f08740de,2026-01-13T00:01:26Z,1768262486,739,990,8,998,12,Philipp Spiess
dcc2d6e98632888ed7206283cd0dc836d9403d8b,2026-01-13T00:02:39Z,1768262559,73,32,2,34,3,Philipp Spiess
dc73bcfa9d4f98a35f80d495e680a9c550eac9cb,2026-01-13T00:12:35Z,1768263155,596,2,1,3,1,Philipp Spiess
6168b7f8fcfe0ab73c0a02a6ba065cef30e60823,2026-01-13T00:13:59Z,1768263239,84,6,6,12,1,Philipp Spiess
cdb0180fe3d13fa4175c2cdb709689af711dee1e,2026-01-13T00:25:56Z,1768263956,717,128,0,128,2,Philipp Spiess
d7023398b1770279fa4ece879b1c8a0ba094c651,2026-01-13T00:56:34Z,1768265794,1838,186,24,210,4,Philipp Spiess
88d5befc55bce3bd90b001bdd4711c1c50ca9c40,2026-01-13T01:01:21Z,1768266081,287,113,113,226,9,Philipp Spiess
53e72c145b6798ff39072e291591592eaa078d88,2026-01-13T10:49:37Z,1768301377,35296,412,3,415,5,Philipp Spiess
b9e0eef243d04af422d1b28c4f9cf69f1e9d6635,2026-01-13T15:59:45Z,1768319985,18608,2,2,4,1,Philipp Spiess
6375d536ef3efe0d26972bfeea57688c596ad04d,2026-01-13T16:03:30Z,1768320210,225,4,0,4,2,Philipp Spiess
3ca1f4b96e6b7d24f4061a4a003bc9ed5b2823ed,2026-01-13T16:03:41Z,1768320221,11,3,0,3,1,Philipp Spiess
b74676b0792929a83f4ab528e12b821fc1a601aa,2026-01-13T16:09:09Z,1768320549,328,9,3,12,1,Philipp Spiess
5702fdde2e5cbaeef8dcdcf6d37065723e330603,2026-01-13T16:18:33Z,1768321113,564,8,7,15,1,Philipp Spiess
e3602829e2abf09529c8564dd761d681cc14c6ef,2026-01-13T16:25:50Z,1768321550,437,134,0,134,3,Philipp Spiess
c11a1bb44e39c99070e379d79b98747870d4411e,2026-01-13T16:29:25Z,1768321765,215,536,375,911,12,Philipp Spiess
133357bed7e5f964b853447752cef842bbd949ef,2026-01-13T16:30:49Z,1768321849,84,6,1,7,1,Philipp Spiess
61f0617c07b1caabf443024e65e3749bed54905e,2026-01-13T16:33:49Z,1768322029,180,1,1,2,1,Philipp Spiess
bbe068c199b9b4b1908fa6cae9976baa1ccfe76e,2026-01-13T16:33:51Z,1768322031,2,3,0,3,1,Philipp Spiess
a0701df10fd3b7bc1d1c788db9d263da53dd4a38,2026-01-13T16:38:10Z,1768322290,259,1,1,2,1,Philipp Spiess
b41894c92386343cef4c72da35c4c0fff7dc7544,2026-01-13T16:45:10Z,1768322710,420,28,27,55,1,Philipp Spiess
6d5eeaa1335d6070235024320a82a717dfc2cc5d,2026-01-13T16:46:00Z,1768322760,50,1,1,2,1,Philipp Spiess
fd221f7a0854fd2e20d02f21ae084c4852551f63,2026-01-13T16:47:21Z,1768322841,81,18,0,18,1,Philipp Spiess
80b9b356da659936d6c6ddb2c62616eac72dd090,2026-01-13T16:53:42Z,1768323222,381,1,1,2,1,Philipp Spiess
dae6025610ceef22551f7c92ff923de61d48fa7c,2026-01-13T21:34:25Z,1768340065,16843,6,6,12,1,Philipp Spiess
dd42e9a3aca091db0c1559f47241ac63c30d7670,2026-01-13T21:57:33Z,1768341453,1388,2,2,4,1,Philipp Spiess
1e685f410512a989982d8a7180d72d377bac363e,2026-01-13T22:25:50Z,1768343150,1697,172,140,312,4,Philipp Spiess
962dff683989cb847ca496365f4d31ad4cb63b58,2026-01-13T22:56:25Z,1768344985,1835,58,5,63,1,Philipp Spiess
6cd85b8b8e5d56fe63b0b72c11257b9d1b5abde3,2026-01-13T23:03:38Z,1768345418,433,262,187,449,4,Philipp Spiess
ba358cf8e103be1cc95cb633396e1457ccc84bf1,2026-01-13T23:07:12Z,1768345632,214,218,73,291,2,Philipp Spiess
50acda108f94ad1afcfedec0de63d9c63481f2a4,2026-01-13T23:07:58Z,1768345678,46,2,1,3,1,Philipp Spiess
87986cc0f97c614685c0247ec0ef872ed9ee26ed,2026-01-13T23:26:11Z,1768346771,1093,1,1,2,1,Philipp Spiess
209d0562495fe10c07ef94765d250f6f564d66af,2026-01-14T23:41:03Z,1768434063,87292,1,1,2,1,Philipp Spiess
fd0dd6fa3bf7d1f60b38c769b4dc139cc9136b0d,2026-01-14T23:44:08Z,1768434248,185,444,0,444,1,Philipp Spiess
e08790edd0bce3d86f4cdb10961cee3c352ba527,2026-01-15T00:13:40Z,1768436020,1772,1071,107,1178,16,Philipp Spiess
91bc9ef0e41e6cee86c343897ebe85c4f7727f63,2026-01-15T00:25:24Z,1768436724,704,237,139,376,1,Philipp Spiess
e9e3203a3c0e5a504d309e2a42976b9e26759a06,2026-01-15T00:31:52Z,1768437112,388,42,42,84,1,Philipp Spiess
e383f73e58145e44511ae9744851722f357b6f83,2026-01-15T00:32:05Z,1768437125,13,5,8,13,1,Philipp Spiess
a9f09336013ef278b4473285eec81613f0290dbd,2026-01-15T00:41:49Z,1768437709,584,5,0,5,3,Philipp Spiess
70be5e2a8ad1a6cdea7463cd846562bd1e0272c2,2026-01-15T01:10:31Z,1768439431,1722,1651,207,1858,14,Philipp Spiess
0e9eb7b754c8dcaf1323b55b74f38cadd5505d3f,2026-01-15T10:43:59Z,1768473839,34408,21,2,23,2,Philipp Spiess
af5d26a2c432ee7d31ddc084fda8424017c699db,2026-01-15T10:47:11Z,1768474031,192,1,1,2,1,Philipp Spiess
a42a658c57261df9ab9cb022acbaa06291d50e0c,2026-01-15T10:48:02Z,1768474082,51,82,5,87,3,Philipp Spiess
58858e92150dedb8fa82cb589117032a3ebcb275,2026-01-15T10:52:08Z,1768474328,246,15,61,76,8,Philipp Spiess
976914f3fc96188920e4e722673a89526122d7eb,2026-01-15T10:53:05Z,1768474385,57,2,1,3,2,Philipp Spiess
9c59f703287e14c5d6760416b1abaf56d90addb8,2026-01-15T10:57:16Z,1768474636,251,28,33,61,1,Philipp Spiess
ee7c9bbe61339eb173645a1ddf1601a821265bdb,2026-01-15T11:07:16Z,1768475236,600,30,27,57,2,Philipp Spiess
4f025eca986f3ce558c8ab081e723a4e5d0b2bf3,2026-01-15T11:20:41Z,1768476041,805,0,23,23,2,Philipp Spiess
b85f1c41184a55010145151fe546bacbe6d86e68,2026-01-15T11:23:53Z,1768476233,192,1,1,2,1,Philipp Spiess
deabacd02d8991491e34d2cca9b4a5bcb85864bc,2026-01-15T11:26:14Z,1768476374,141,1,3,4,1,Philipp Spiess
6072c4d9e6a48e97cf99dea6b8a834896de27f09,2026-01-15T11:43:18Z,1768477398,1024,113,5,118,5,Philipp Spiess
855fb6406a780aa8190e78259014cd203aaaf178,2026-01-15T11:54:39Z,1768478079,681,1,8,9,1,Philipp Spiess
92e68d0489706434dbb90f4b70cab762b922996a,2026-01-15T11:58:01Z,1768478281,202,15,7,22,3,Philipp Spiess
892c146265252f9580b0aca851d38c9829bda656,2026-01-15T12:02:14Z,1768478534,253,7,4,11,1,Philipp Spiess
d52815458458c6b242a6c4e44d3fa2886e344850,2026-01-15T12:04:07Z,1768478647,113,4,1,5,1,Philipp Spiess
c4abfd28ca5cfe3c96baf26a8e603fcd7b87d717,2026-01-15T12:29:51Z,1768480191,1544,13,12,25,6,Philipp Spiess
d4c0a3ecf32368b0783058d555a29f9ee3a7b111,2026-01-15T12:54:00Z,1768481640,1449,22,3,25,1,Philipp Spiess
71493c6569e2428e76a3a324972c9b9f0cc1fd77,2026-01-15T12:57:57Z,1768481877,237,3,22,25,1,Philipp Spiess
028b2ff87df9690cba502dcb19b841f2c82a2370,2026-01-15T13:45:10Z,1768484710,2833,1,1,2,1,Philipp Spiess
1da5c192c25c24742a1b57c008a14a6f617f6e2f,2026-01-15T22:38:13Z,1768516693,31983,88,20,108,3,Philipp Spiess
cc3ba4c2b3205ac5256dd63bb14c23e1055c0ce0,2026-01-15T22:57:48Z,1768517868,1175,5,6,11,1,Philipp Spiess
261dc7c2867b948f09b46efeae155b01e52477ea,2026-01-15T23:01:15Z,1768518075,207,10,10,20,7,Philipp Spiess
2c329cbfa0411c2f531b8f95ba9c637af152af2e,2026-01-16T00:25:44Z,1768523144,5069,346,24,370,11,Philipp Spiess
4ce852ddb355ee42c1505afcf5c37888a69c18dc,2026-01-16T00:36:21Z,1768523781,637,15,11,26,4,Philipp Spiess
1acc40557fec441494453dbb707ff4cfd1416a0b,2026-01-16T00:40:31Z,1768524031,250,1,26,27,2,Philipp Spiess
ec44103dc1c17ce543a4cae9ce9bf189f74764dd,2026-01-16T00:43:08Z,1768524188,157,26,26,52,2,Philipp Spiess
281dd22202b0a294e080b76f0002f79a54e10a59,2026-01-16T00:43:20Z,1768524200,12,65,51,116,9,Philipp Spiess
56949c5887dad8bfafdc923ab64d767d3564eca1,2026-01-16T00:44:15Z,1768524255,55,24,6,30,2,Philipp Spiess
0ebe11c7b3e8ad65e01c16159eca8037d8abcf1a,2026-01-16T00:55:30Z,1768524930,675,1,1,2,1,Philipp Spiess
b229086862ac195317999fb2efb11b5292309d52,2026-01-16T01:00:18Z,1768525218,288,48,18,66,5,Philipp Spiess
492f6e1b63bb96acfe69d562f78ffcf7ff052f76,2026-01-16T15:15:42Z,1768576542,51324,4,4,8,3,Philipp Spiess
7634d4128e91e0f39a4fcbe2556238b37f8a3500,2026-01-16T15:39:51Z,1768577991,1449,1170,592,1762,15,Philipp Spiess
d58776644b1f984c1ddb8806f27ee8e0e719ed5d,2026-01-16T15:58:08Z,1768579088,1097,2,2,4,1,Philipp Spiess
7b3f4ee6020972cd168ea5f7a0a6adbe4d08957a,2026-01-16T16:14:38Z,1768580078,990,1,1,2,1,Philipp Spiess
b5cd6969b550e92e939fea2822d6a3f6d1b70717,2026-01-16T16:15:27Z,1768580127,49,66,27,93,5,Philipp Spiess
088e50aaaf4b030d62673c0536bb2731dc8469a9,2026-01-16T16:30:38Z,1768581038,911,69,37,106,1,Philipp Spiess
1b2b6474bb880cf7749b5f60f44d8281e2183fc1,2026-01-16T16:31:02Z,1768581062,24,1,1,2,1,Philipp Spiess
39230315200400cec01f237e189e3427cbb1883b,2026-01-16T21:06:52Z,1768597612,16550,1,1,2,1,Philipp Spiess
ea17562d4511a5dd25b9958051918aafd8bb5b34,2026-01-16T21:18:51Z,1768598331,719,951,30,981,14,Philipp Spiess
334225d38402a7c1ce1193f94265890731278982,2026-01-16T21:36:09Z,1768599369,1038,336,301,637,2,Philipp Spiess
ce9f92630eacdfba48efae89bd9d9746739e761e,2026-01-16T22:34:26Z,1768602866,3497,4,0,4,1,Philipp Spiess
0a75809e1e4a4bf3caa8dcac29e48343ddf1f3aa,2026-01-16T22:34:54Z,1768602894,28,0,4,4,1,Philipp Spiess
dbf647466b6f6b21b613a32cfa7b81c52f74d0be,2026-01-16T22:39:35Z,1768603175,281,373,29,402,12,Philipp Spiess
115dceb90c3508621e4dd3c8e817d14e607ba12d,2026-01-16T22:40:47Z,1768603247,72,1,1,2,1,Philipp Spiess
67fe2baa98f012812c81e70f560390ca3a47bdc4,2026-01-16T23:17:15Z,1768605435,2188,298,10,308,2,Philipp Spiess
1401daa89565b256d1a1d55a0df5c865d7e86eb4,2026-01-16T23:28:33Z,1768606113,678,2104,9,2113,13,Philipp Spiess
5d578e928c855427f477ca1822f4635c3de58058,2026-01-16T23:30:04Z,1768606204,91,15,7,22,1,Philipp Spiess
c0eb70964cc499b2038da61eba0131b5156699c9,2026-01-16T23:45:11Z,1768607111,907,77,106,183,3,Philipp Spiess
44e37654dd02dbba700e76dad4ab8c68fd5a4020,2026-01-16T23:55:25Z,1768607725,614,6,0,6,1,Philipp Spiess
add966b70098683760b3caaac6808e366c7e0c9e,2026-01-16T23:55:31Z,1768607731,6,1,1,2,1,Philipp Spiess
a16c0a84a49821c7bd92bb03ec489c3401e49abd,2026-01-16T23:55:42Z,1768607742,11,0,2,2,1,Philipp Spiess
3838bac5835cfd9379118d3e1e715919b7654152,2026-01-16T23:55:50Z,1768607750,8,93,48,141,1,Philipp Spiess
c0c30e59364b12a255568f58b620f7324cc9d9c7,2026-01-17T00:04:18Z,1768608258,508,17,1,18,1,Philipp Spiess
35e8640d0e79e03a41b61f1d335b3961123e4838,2026-01-17T00:09:57Z,1768608597,339,22,20,42,2,Philipp Spiess
7adc9a3062ebb35471c9f9ab452dec7339b1d931,2026-01-17T00:11:25Z,1768608685,88,17,10,27,1,Philipp Spiess
def3d1626b9e826f8ea55d9a7feb6722b1a9f747,2026-01-17T00:29:04Z,1768609744,1059,124,40,164,2,Philipp Spiess
2bda8c3b661187838b4dc960c47ef8dcfa7b37e8,2026-01-17T00:52:13Z,1768611133,1389,4,4,8,2,Philipp Spiess
c920dc66023b5f2eb7a708d70e8f78af232999ae,2026-01-17T17:52:53Z,1768672373,61240,2848,38,2886,18,Philipp Spiess
a2c97b7552d9e60cb65a97c847dd2d22f101253e,2026-01-17T18:01:55Z,1768672915,542,2,2,4,1,Philipp Spiess
ca5c49b039d1b1ddac6d038a8eeb277385c6b827,2026-01-17T18:11:38Z,1768673498,583,1,1,2,1,Philipp Spiess
c3bc18d0a28a324ff54ea856b8da4c9bceb65a96,2026-01-17T18:13:23Z,1768673603,105,1,1,2,1,Philipp Spiess
c057b46c8c27ea8acae85dab99996a3a2eef33e4,2026-01-17T18:23:57Z,1768674237,634,58,8,66,3,Philipp Spiess
ba1b100d882184af2ea95d728e7b0a5c98db7d7e,2026-01-17T18:41:53Z,1768675313,1076,12,3,15,3,Philipp Spiess
3f3ee130c4328fc27f2e60830b871d80ff496824,2026-01-17T18:43:19Z,1768675399,86,1,0,1,1,Philipp Spiess
74bc9e34badcf5c2ebd13696d47a91ed5a614381,2026-01-17T18:49:03Z,1768675743,344,1,18,19,1,Philipp Spiess
658b2d62c408ab5fc9113747a58ecf6121870ed7,2026-01-17T19:19:52Z,1768677592,1849,66,31,97,3,Philipp Spiess
03fa616a241bcc5b7e31e8a127ee8cfe91d6e5c9,2026-01-17T19:20:53Z,1768677653,61,1,1,2,1,Philipp Spiess
20a1a647211b9b4323dc81dae320074ea5cd0ffb,2026-01-17T19:32:51Z,1768678371,718,64,13,77,1,Philipp Spiess
ae4ea87f963825298f2e44299432d3312c74d5e8,2026-01-17T19:33:04Z,1768678384,13,2253,0,2253,7,Philipp Spiess
a24377cca50a1206f19443c2dab4437a886180c0,2026-01-17T19:40:41Z,1768678841,457,17,26,43,1,Philipp Spiess
924d07ecc0ced760824f950112c47cda629686a0,2026-01-17T22:18:23Z,1768688303,9462,7,23,30,1,Philipp Spiess
2bfab96019f1e420ef56cc943f7c9f65251dcdb3,2026-01-17T22:30:42Z,1768689042,739,5,5,10,1,Philipp Spiess
5f35970233ceb2d1447693bfbd9199ef65280363,2026-01-17T22:33:06Z,1768689186,144,2,2,4,1,Philipp Spiess
f31ecccd4c5eb3f622899882e2970ba9fe48dae8,2026-01-17T22:42:56Z,1768689776,590,5,0,5,1,Philipp Spiess
1f807b1fd25fbbd766474739b58f09785f2ac8d0,2026-01-17T22:46:05Z,1768689965,189,3,22,25,1,Philipp Spiess
f2a7b32789adca2c0a78ad52ca1e2a1f54052da3,2026-01-17T22:46:16Z,1768689976,11,4,2,6,1,Philipp Spiess
11d568f75e359ed195f6a97ed22b068c37bfb95f,2026-01-17T23:21:41Z,1768692101,2125,53,3,56,1,Philipp Spiess
8cb7d56a03e00e1068e2782d38a8c5dba7890c3e,2026-01-17T23:21:55Z,1768692115,14,3,53,56,1,Philipp Spiess
fae7e1836f3968bcd28600ab3a83120fe16fc119,2026-01-17T23:22:04Z,1768692124,9,22,3,25,1,Philipp Spiess
83195c5a90652da3ce39fda9f71ab3d902d61086,2026-01-17T23:22:04Z,1768692124,0,53,3,56,1,Philipp Spiess
fe3914b7f059a2273f424d95be2f05df0f83c5b3,2026-01-17T23:36:36Z,1768692996,872,506,147,653,6,Philipp Spiess
7b8d46ffcb3c12ed378379e52f988d1dfcc5eaab,2026-01-17T23:40:03Z,1768693203,207,2,2,4,1,Philipp Spiess
8722bb6d98ec47232e4932efb405d4080c0dc386,2026-01-17T23:50:29Z,1768693829,626,39,3,42,3,Philipp Spiess
9594336331f7b995faeb265617cd2f2d044925b3,2026-01-18T00:34:18Z,1768696458,2629,2,2,4,1,Philipp Spiess
36b1bdb68e3beff0479de8fbe631c100c2e8348a,2026-01-18T00:41:17Z,1768696877,419,213,328,541,1,Philipp Spiess
53e8138b98ebb68a28bcb8162d72a5b91f48aa56,2026-01-18T00:42:18Z,1768696938,61,2,6,8,1,Philipp Spiess
97ab0e802e400fc9a6fbbb87237fbeab9ddb719c,2026-01-18T22:22:43Z,1768774963,78025,2,0,2,1,Philipp Spiess
69870400e06a561f62f22f830ec4e54da946841f,2026-01-18T22:22:43Z,1768774963,0,4,0,4,1,Philipp Spiess
06ffd144a7a9889f18933c30134f6bded58208e8,2026-01-18T22:27:12Z,1768775232,269,0,6,6,1,Philipp Spiess
7e21a953e021970f1724b7b3427fa6266b314340,2026-01-18T22:27:50Z,1768775270,38,4,0,4,1,Philipp Spiess
a6f02daa9de1a8096ed92084d97ce741ea458398,2026-01-18T22:33:42Z,1768775622,352,0,4,4,1,Philipp Spiess
b4919b57e35ed7d730f2ec0e627bfcd12030cb11,2026-01-18T22:35:11Z,1768775711,89,87,6,93,1,Philipp Spiess
3dfbe6706c5f82020bbaa4475eda15db7c4db48e,2026-01-18T22:36:28Z,1768775788,77,1137,1,1138,5,Philipp Spiess
dc4b1a33731a1403ffa998e919b6508e707deeca,2026-01-18T22:47:59Z,1768776479,691,1335,31,1366,9,Philipp Spiess
063ed4d6ff8ff91a5cd1212f73e68638716d7fe0,2026-01-18T23:00:28Z,1768777228,749,8,1,9,1,Philipp Spiess
711b7fcde44962dd378433235d0cdd47fcef2284,2026-01-18T23:01:38Z,1768777298,70,98,34,132,1,Philipp Spiess
0318f254d0c9314fe7a4c6cb932b90aac11ebf81,2026-01-18T23:02:29Z,1768777349,51,24,143,167,3,Philipp Spiess
88b5fcb3ee7edc7896f0b52157fa40d82125e148,2026-01-18T23:02:29Z,1768777349,0,0,448,448,6,Philipp Spiess
f82495ef8900dd47bb2d93af0c2149ff09fff4a9,2026-01-18T23:02:29Z,1768777349,0,7,22,29,2,Philipp Spiess
d1045434d1f8a5902ff2c7e58277189cb8ebaf05,2026-01-18T23:02:29Z,1768777349,0,47,19,66,1,Philipp Spiess
b7787cdfa6c29fcca955a58c60ac73371fbcada1,2026-01-18T23:02:29Z,1768777349,0,448,0,448,6,Philipp Spiess
b2c59fec83db5c2a471128a1f38cbbaca6bc6e03,2026-01-18T23:18:58Z,1768778338,989,4,4,8,1,Philipp Spiess
c68c8f78d9aa5bbfd5de9842dac1e24edeb1a4e5,2026-01-18T23:28:55Z,1768778935,597,18,16,34,1,Philipp Spiess
1219611ed58b94d77ac37d4fffcc1ae381b554ae,2026-01-19T00:06:36Z,1768781196,2261,142,35,177,2,Philipp Spiess
fa1ba116880607cc17f73e06a20be641e9e3ba33,2026-01-19T12:13:23Z,1768824803,43607,147,52,199,4,Philipp Spiess
007169a78eaa8c3792f5ca372fb25e969d12d7f9,2026-01-19T12:34:55Z,1768826095,1292,15,15,30,1,Philipp Spiess
f03f977f59cdd2620deee91715ff20f9ef1552d6,2026-01-19T12:37:23Z,1768826243,148,57,39,96,5,Philipp Spiess
2f081c911e80f457c691e35913491302384e8823,2026-01-19T15:52:42Z,1768837962,11719,4,10,14,3,Philipp Spiess
d49cb0d4e64ba819347b2ea6222b285596c8d2c7,2026-01-19T15:54:31Z,1768838071,109,116,102,218,2,Philipp Spiess
2178f4f21dbb0f5b2a708a0a5a3626a98cdd9fb5,2026-01-19T15:59:24Z,1768838364,293,62,0,62,1,Philipp Spiess
b922ba7578c99042e6f21b1237528afb7f124c54,2026-01-19T16:04:22Z,1768838662,298,4,4,8,1,Philipp Spiess
209ccafafa423423232dbbcf1920ea6e75c5402d,2026-01-19T18:25:24Z,1768847124,8462,116,1,117,2,Philipp Spiess
d395ec83cd7069c24000eb822f2655693fac496f,2026-01-19T18:39:18Z,1768847958,834,87,2,89,1,Philipp Spiess
eeb4b050ebea74fc1082ca84d9e6f359fb882a6b,2026-01-19T18:46:42Z,1768848402,444,2,5,7,2,Philipp Spiess
c6a7ceac60563896c61f410259980b5c788ffc4c,2026-01-19T18:56:47Z,1768849007,605,80,6,86,2,Philipp Spiess
50c9561bf42ab55c53567ece8e32f315a12e4f89,2026-01-19T22:12:59Z,1768860779,11772,6854,6,6860,9,Philipp Spiess
9ceb42785d7f7baaf68766e12ff4543e97117720,2026-01-19T22:48:14Z,1768862894,2115,146,2,148,2,Philipp Spiess
7e0a6e350ca3f3c263878b095284887ec35efbea,2026-01-19T22:57:03Z,1768863423,529,1,1,2,1,Philipp Spiess
4a44041a3237ad88d9b23fcdcfd661c94a5ac2e4,2026-01-19T23:04:10Z,1768863850,427,116,18,134,4,Philipp Spiess
a3b9d754d5e99495c824cb5dcf123ab9bab8979d,2026-01-19T23:14:16Z,1768864456,606,0,4,4,1,Philipp Spiess
34285aaec35a7b7293d82f214dae968f6c4b1bf0,2026-01-19T23:21:53Z,1768864913,457,162,4,166,2,Philipp Spiess
829e8c744f3c97edb57f5d328be8e0eed1854990,2026-01-19T23:26:00Z,1768865160,247,95,28,123,8,Philipp Spiess
f364de47b61b69f2f69aab0ccc364054c68250e6,2026-01-19T23:38:07Z,1768865887,727,2,1,3,1,Philipp Spiess
3b00e776ed95c370dbda02a4f060445f9b5e65ae,2026-01-20T00:06:22Z,1768867582,1695,13,11,24,1,Philipp Spiess
a41409c76f7f42fcb6825a04609e2464f2447c89,2026-01-20T00:12:57Z,1768867977,395,1,7,8,1,Philipp Spiess
6981347c2f37e2fa533ed24d0ff40a2e8ef9686d,2026-01-20T00:23:25Z,1768868605,628,89,53,142,3,Philipp Spiess
8a0ee7fdc80884ff2d1dc750707fb4b248da57b2,2026-01-20T23:32:32Z,1768951952,83347,27,1,28,1,Philipp Spiess
25bf9075e248c0f26ffb94c8449389f058de32dc,2026-01-20T23:39:14Z,1768952354,402,41,25,66,3,Philipp Spiess
141fb7b940ee9d860625e7f658353c6437f01e51,2026-01-21T12:46:37Z,1768999597,47243,37,73,110,10,Philipp Spiess
d52a8cc1a88ff9ef139a5dbf6497f6d25a08de19,2026-01-21T12:46:37Z,1768999597,0,1,1,2,1,Philipp Spiess
8786810f95a2eeffab0fccc9091af6b2ba1f8f62,2026-01-21T12:46:37Z,1768999597,0,69,36,105,5,Philipp Spiess
82dd3222c87ae97aa91f338bf235393e034fe90e,2026-01-21T12:49:57Z,1768999797,200,1,1,2,1,Philipp Spiess
4fe5b6f377e438c34e397660967de529eb5db3e0,2026-01-22T00:09:59Z,1769040599,40802,523,110,633,16,Philipp Spiess
85c583d947bdb32a6cf106e2240d94dd75e46857,2026-01-22T00:11:31Z,1769040691,92,1,1,2,1,Philipp Spiess
8097585c6a3f29b579d4b164cda33e27178c360c,2026-01-22T00:25:00Z,1769041500,809,18,314,332,1,Philipp Spiess
34ece7566c6da970c7dbeff86a53d5469ea911d5,2026-01-22T00:29:57Z,1769041797,297,3,5,8,1,Philipp Spiess
cb2c7ea8a6b7b61d6ee6a9648f40142ed05d63da,2026-01-22T00:31:07Z,1769041867,70,1,0,1,1,Philipp Spiess
5c3a6e73318673dd6adde87cae609db7bcc2664a,2026-01-22T00:33:16Z,1769041996,129,6,0,6,1,Philipp Spiess
6abbf43e94e3d5c28d15ad3e92f402481328d33a,2026-01-22T00:36:03Z,1769042163,167,4,4,8,1,Philipp Spiess
45250189ac4def16cd3a703cb94376a92d2b2a31,2026-01-22T00:38:15Z,1769042295,132,0,1,1,1,Philipp Spiess
706d6cc6beda9600c1dce37a48fc240b385c3611,2026-01-22T00:41:16Z,1769042476,181,3,2,5,1,Philipp Spiess
d200c7f124e65567f8aac257ecbd412c0c3c6041,2026-01-22T00:45:30Z,1769042730,254,3,6,9,2,Philipp Spiess
13de7b0cf5ca27f79a08a67715fd13601f116d21,2026-01-22T10:02:50Z,1769076170,33440,1,1,2,1,Philipp Spiess
5386d6513ecded4ec6b0433a45c6c3e837f5ef0d,2026-01-22T10:34:24Z,1769078064,1894,43,0,43,1,Philipp Spiess
c64ce42eb884adc23c79e970843b82da0dc88ff8,2026-01-22T10:34:24Z,1769078064,0,256,6,262,3,Philipp Spiess
7cbfed6b8576084d8064c8a034eb9db80faba82c,2026-01-22T11:34:37Z,1769081677,3613,0,0,0,1,Philipp Spiess
4c87cd97e3b9205d1afb3086095d267bf842823b,2026-01-22T11:43:56Z,1769082236,559,1533,6,1539,14,Philipp Spiess
25a7d13b87b48eb10f84ebf3f01e39f7cf9a074e,2026-01-22T23:37:12Z,1769125032,42796,4,2,6,2,Philipp Spiess
8733bb87ec03e5ce180c4bf18cc16406e11267ec,2026-01-22T23:41:15Z,1769125275,243,1,1,2,1,Philipp Spiess
aec0b2ebdd15adca4b51e4f609b79e8d97e0d44a,2026-01-22T23:48:01Z,1769125681,406,22,1,23,2,Philipp Spiess
449874a6d36bcca910ab4043c78ba3ebb288df72,2026-01-22T23:50:23Z,1769125823,142,6,16,22,1,Philipp Spiess
ce4c51a8985a7679e4d1f6dd14a0feb73a3dadf8,2026-01-23T10:30:36Z,1769164236,38413,1260,47,1307,14,Philipp Spiess
afb6ef82da13bc4fc732ae3ef823d06b7c4fb813,2026-01-23T10:36:37Z,1769164597,361,0,160,160,3,Philipp Spiess
966c417ffa961d5477b3a6b2f386e9a16b2ccc4f,2026-01-23T18:28:01Z,1769192881,28284,2,0,2,1,Philipp Spiess
525aa7af4f824c6dbdba28ef3c2c803fc0ef34ec,2026-01-23T20:56:44Z,1769201804,8923,76,34,110,1,Philipp Spiess
49db76e3128a17ecad07b0289305eef3d1ebb0e5,2026-01-23T21:01:09Z,1769202069,265,0,6,6,1,Philipp Spiess
ca3a4cfd0046a0f9cecb08a46902b2547cba9e84,2026-01-23T22:58:05Z,1769209085,7016,238,6,244,4,Philipp Spiess
9cd9938c678812247a84df61b0d4c1327999710c,2026-01-23T23:48:30Z,1769212110,3025,2255,563,2818,11,Philipp Spiess
d576b715becf5d4c611ddc1c436a969f4efca8fc,2026-01-23T23:54:21Z,1769212461,351,1,1,2,1,Philipp Spiess
b8ea3bafe64ef38224b3672a40a174460188ae96,2026-01-24T00:17:40Z,1769213860,1399,40,17,57,3,Philipp Spiess
d81c027f00e1f28b4897cdd0388133499c175db1,2026-01-24T00:18:16Z,1769213896,36,1,1,2,1,Philipp Spiess
ffa836f8d9b32f264e1150a6162d8cd22b39ec98,2026-01-24T00:20:33Z,1769214033,137,2,1,3,1,Philipp Spiess
fab330861aad794d27359629e0087f2982450b8f,2026-01-24T00:39:20Z,1769215160,1127,13,5,18,1,Philipp Spiess
181eac7f54748b7d3c5a16756ad612f6cafe60ca,2026-01-24T01:23:00Z,1769217780,2620,383,237,620,6,Philipp Spiess
0fc180809c129378641a5fc8356d142d2d4b7a1e,2026-01-24T21:15:59Z,1769289359,71579,203,50,253,8,Philipp Spiess
4e79850afa86d0cef7eb095b45cbb42fbdd8f6e9,2026-01-24T21:35:41Z,1769290541,1182,61,34,95,8,Philipp Spiess
8ad3f12f21093198e71be2c74b53cd649465d698,2026-01-24T22:03:46Z,1769292226,1685,4,0,4,1,Philipp Spiess
e1d0d686311cc97ace2b786d394de0241aae5fce,2026-01-24T22:07:23Z,1769292443,217,0,72,72,3,Philipp Spiess
d06452abe1a62049bfced604d3eec50886d924f1,2026-01-24T23:03:34Z,1769295814,3371,687,707,1394,22,Philipp Spiess
099378bdd4f5abe362f94a11092f0b668e3e26f8,2026-01-24T23:06:03Z,1769295963,149,1,1,2,1,Philipp Spiess
d8592fe598192f55fe3f866b8f0153fda5600ef9,2026-01-24T23:11:33Z,1769296293,330,2,1,3,1,Philipp Spiess
e0c13f079a5d9fa093951a669fbc93546dadd981,2026-01-24T23:18:47Z,1769296727,434,10,5,15,3,Philipp Spiess
2535488667d07f64fe04e905a11a21bcd0baa75e,2026-01-24T23:21:46Z,1769296906,179,67,53,120,2,Philipp Spiess
b8f977ceac0dcb9d866c55902dcb86af81b2b4a2,2026-01-24T23:33:32Z,1769297612,706,0,2,2,1,Philipp Spiess
a3d447189dc11548fba34006bdd10c653cd2ee80,2026-01-24T23:36:24Z,1769297784,172,2,0,2,1,Philipp Spiess
346f51141a2adb2d5d361d939ec9200f524ed972,2026-01-24T23:44:39Z,1769298279,495,12,31,43,1,Philipp Spiess
6c1fc8c129a44b05427d96caef7fce0be40ec450,2026-01-24T23:53:02Z,1769298782,503,57,14,71,2,Philipp Spiess
637affbc62ca631905ed0e6385ac3ba42d0fb451,2026-01-24T23:55:51Z,1769298951,169,0,2,2,1,Philipp Spiess
57d41fb4aeedd33a4909464bbb611d2ccf38936b,2026-01-24T23:57:35Z,1769299055,104,1039,479,1518,15,Philipp Spiess
7b02e62ccef899703b73cc11ff515ce7f9c21b68,2026-01-25T00:00:35Z,1769299235,180,1,1,2,1,Philipp Spiess
352d3a7947eed967d37d433a71826662c1c7f337,2026-01-25T00:05:32Z,1769299532,297,8,24,32,1,Philipp Spiess
063af80fcf186b7d6d52582b0d1af2309480b0b2,2026-01-25T00:07:51Z,1769299671,139,17,1,18,1,Philipp Spiess
4389e072f379a7b71eace28bd80b3d7bbee7e345,2026-01-25T00:09:06Z,1769299746,75,2,2,4,1,Philipp Spiess
bb75742880f5080b78d303277b2864f7c8d4f35c,2026-01-25T00:11:27Z,1769299887,141,12,3,15,1,Philipp Spiess
0ee3c982c495fe66a32604983e5553d0f5f93be8,2026-01-25T10:20:03Z,1769336403,36516,1103,11,1114,8,Philipp Spiess
f997532faee8964c9a3b194f6997f4049551eede,2026-01-25T10:20:10Z,1769336410,7,1,1,2,1,Philipp Spiess
1fbfc99296756d51fcacba034eb5cf68870c33a8,2026-01-25T10:33:44Z,1769337224,814,11,14,25,1,Philipp Spiess
df9d22074dee0646307032c6d9629febf448994c,2026-01-25T10:35:44Z,1769337344,120,4,4,8,1,Philipp Spiess
5f25efc3732bf8ac4275b15c953f55d473dcc7f3,2026-01-25T10:38:22Z,1769337502,158,166,135,301,3,Philipp Spiess
9c27aea9b597503559e1faf265dbe01b9c136f6e,2026-01-25T10:52:29Z,1769338349,847,168,13,181,7,Philipp Spiess
fff1b4deff02318a48af8ecb95351c00996d0c59,2026-01-25T10:52:47Z,1769338367,18,46,12,58,4,Philipp Spiess
985e932a2fce86979d6b1c1157729dceea24bb42,2026-01-25T10:53:16Z,1769338396,29,1,1,2,1,Philipp Spiess
0307ae0560e69358a1aa2d597022fea7039b7cb9,2026-01-25T21:52:56Z,1769377976,39580,148,5,153,1,Philipp Spiess
1950251c2d4c6e3d205807bf0ee7bebfc16e4392,2026-01-25T22:26:40Z,1769380000,2024,120,17,137,5,Philipp Spiess
305f7ba0be706da299189e81e00a3fdbf1a9b7bb,2026-01-25T22:32:59Z,1769380379,379,1,1,2,1,Philipp Spiess
22d19bf3b69bcda4ccc2df95129b1b2d2e12dde2,2026-01-25T23:06:38Z,1769382398,2019,955,42,997,7,Philipp Spiess
a24bf383508686b6178ced62b9fc521a5aafe4ff,2026-01-25T23:32:07Z,1769383927,1529,165,12,177,2,Philipp Spiess
bfd3472e86436de2870f58f6ca15eeabc952d274,2026-01-25T23:57:15Z,1769385435,1508,0,492,492,1,Philipp Spiess
9053e2dbab4ce0c756fed17005a796dea7518368,2026-01-26T00:37:47Z,1769387867,2432,182,105,287,3,Philipp Spiess
519af8d9e1792e9856302d2747f04b18c5c8d8e9,2026-01-26T00:38:14Z,1769387894,27,1216,3,1219,8,Philipp Spiess
b64ae5d08860f77d08f61a49fe88564e5ef7c89f,2026-01-26T00:40:28Z,1769388028,134,1,1,2,1,Philipp Spiess
c208eff2259e4fe746e9bd070a608a8bd6d8eff6,2026-01-26T00:48:06Z,1769388486,458,1,1,2,1,Philipp Spiess
824e607582bf8cc304a91d9ef68befda24216895,2026-01-26T00:50:40Z,1769388640,154,46,4,50,1,Philipp Spiess
bda21456859ff390bdd6eb4982dc8ad97c2cb8cb,2026-01-29T23:01:46Z,1769727706,339066,124,1,125,2,Philipp Spiess
0b4d8b7816171effa23f2758d67b6a9c6328e167,2026-01-30T17:18:17Z,1769793497,65791,910,1,911,28,Philipp Spiess
8d4e81f9021085be6b09490c7e23252ca0b2ca2c,2026-01-30T21:53:22Z,1769810002,16505,1639,3,1642,9,Philipp Spiess
b672dea82276de62f814cd1a06159b223c6282ff,2026-01-30T22:45:46Z,1769813146,3144,98,79,177,2,Philipp Spiess
f5ee05b5a394f43a55cdba24c856cb87a5f90e1d,2026-01-30T22:54:35Z,1769813675,529,27,8,35,3,Philipp Spiess
586542d7651eb751a473067b3bd9450123dfe02d,2026-01-30T22:55:04Z,1769813704,29,121,55,176,2,Philipp Spiess
70d2fc534566a0375de8d67be4ed17ff2d4a3a20,2026-01-30T22:58:44Z,1769813924,220,31,16,47,3,Philipp Spiess
9adbad02bd30d4451b9e8ae273f7c00b84accc97,2026-01-30T23:05:54Z,1769814354,430,12,1,13,2,Philipp Spiess
59b23b699006c4338432a5af79ce1018a64f9d48,2026-01-30T23:06:10Z,1769814370,16,2,2,4,1,Philipp Spiess
3d70b7a409279c1fe8bc19898c0e972c4314f179,2026-01-30T23:10:19Z,1769814619,249,73,44,117,1,Philipp Spiess
8bcbbc8eb99520dfeea0802e264ad1fe5aa1ce16,2026-01-30T23:14:54Z,1769814894,275,37,11,48,1,Philipp Spiess
18c413c599c5e4c72eb9c1ecc2e090e035eb5d1e,2026-01-30T23:15:21Z,1769814921,27,0,51,51,1,Philipp Spiess
34710434c1b2aaf81b4ffad980e00d6380a39475,2026-01-30T23:18:08Z,1769815088,167,6,0,6,1,Philipp Spiess
4ba76513ac9a2c20e8a783c3cf8b2036bb714810,2026-01-30T23:23:06Z,1769815386,298,1550,35,1585,10,Philipp Spiess
42ae19cdf9409f86f8da4a0ce9a52c3409bc6187,2026-01-30T23:33:22Z,1769816002,616,2,2,4,1,Philipp Spiess
838a60c0b8ffb3ec2f0cf4dd2efe90be24fd4ad4,2026-01-30T23:35:33Z,1769816133,131,2,2,4,1,Philipp Spiess
2ff13cc973cdde98860b289977180e4678cb0989,2026-01-30T23:38:03Z,1769816283,150,3,1639,1642,9,Philipp Spiess
aac6ac3e007f1903d7f83a68b911fea7543dee44,2026-01-30T23:38:56Z,1769816336,53,1639,3,1642,9,Philipp Spiess
aed02dbc2125bf4cdea2c722bd1658fdd8a4c3b3,2026-01-30T23:39:26Z,1769816366,30,0,1234,1234,3,Philipp Spiess
a50d47f6fc6f7682c71889e820223de33ebc611c,2026-01-30T23:46:26Z,1769816786,420,35,1550,1585,10,Philipp Spiess
b2f995f763599facc46bd834a3f36f97d4f1563b,2026-01-30T23:49:38Z,1769816978,192,13,6,19,1,Philipp Spiess
38cbfe418a4be891c2535a2ca04411da1ddb1a0b,2026-01-31T00:02:25Z,1769817745,767,22,0,22,1,Philipp Spiess
58f5430adf89de7f68d8b56d38eba391f9349cb9,2026-01-31T00:06:04Z,1769817964,219,3,4,7,1,Philipp Spiess
0a494102d8cd393c37a340bc7e6095ce8df43da8,2026-01-31T00:12:09Z,1769818329,365,6,21,27,1,Philipp Spiess
6c17f469bf2e0fc25304d0f0f9df2e3804640de7,2026-01-31T11:55:50Z,1769860550,42221,4,18,22,1,Philipp Spiess
eefe801741aff7e4726daf9ebc4d110aa85a4940,2026-01-31T11:56:00Z,1769860560,10,30,25,55,4,Philipp Spiess
eb24f9cb27953d6ffa319e1571df97366d7ef724,2026-01-31T23:44:04Z,1769903044,42484,34,0,34,1,Philipp Spiess
bef4bced7b2837fdd397ea3d5022289c17efb26e,2026-01-31T23:44:18Z,1769903058,14,149,73,222,1,Philipp Spiess
25dea40bcda7abac515e65ac873f4d8b324ef025,2026-02-01T00:11:45Z,1769904705,1647,315,1,316,2,Philipp Spiess
f4f29105778d5887ddb71c275de2f89ae5fae9c2,2026-02-01T00:27:02Z,1769905622,917,29,12,41,1,Philipp Spiess
96af1a6b41c48b7825389f6a2e4eac795f4d9a15,2026-02-01T00:29:13Z,1769905753,131,56,24,80,4,Philipp Spiess
ef6cb876fe9c7920a5b048ab99b110223927a69d,2026-02-01T00:30:27Z,1769905827,74,1,1,2,1,Philipp Spiess
94d4e778e470247e7b7afc6ef74615888ff976d7,2026-02-01T00:30:35Z,1769905835,8,202,3,205,4,Philipp Spiess
ba5ab61f01d2695a8d3d511a0443d4f4d21ce641,2026-02-01T00:50:42Z,1769907042,1207,1059,402,1461,6,Philipp Spiess
6b0c9a82bd5e3b5c9163affb337830cf808a12eb,2026-02-01T00:57:31Z,1769907451,409,1145,88,1233,13,Philipp Spiess
29ed0cd328cd33a36f2d1ecc242ddbefdc8cac00,2026-02-01T01:01:19Z,1769907679,228,140,0,140,4,Philipp Spiess
69c6dc8181cb3753bca144e9102679481a1aab3f,2026-02-01T01:01:29Z,1769907689,10,296,0,296,2,Philipp Spiess
a26733a5b8e3b96522e72e618cfd54ff65cd0290,2026-02-01T01:01:38Z,1769907698,9,0,0,0,2,Philipp Spiess
16bfe274b2d793bd2569758864053bf971019735,2026-02-01T01:06:22Z,1769907982,284,0,1,1,1,Philipp Spiess
4a2587856d99770e7808d81205528f933bf424e5,2026-02-01T01:09:25Z,1769908165,183,1,1,2,1,Philipp Spiess
f8c6f377f30c5213d2f508f74c40dcb0c688b156,2026-02-01T09:19:46Z,1769937586,29421,19,0,19,1,Philipp Spiess
81da6ac93c324150d511ff267a0d7348f2b0e1a9,2026-02-01T09:19:46Z,1769937586,0,6,6,12,2,Philipp Spiess
0ea557d59e97b8fee321c89e80160a9fcfe705dd,2026-02-01T09:19:46Z,1769937586,0,656,15,671,4,Philipp Spiess
5f79c1eab7e4a3356df1d28313c0e1671204bcfe,2026-02-01T13:17:33Z,1769951853,14267,34,8,42,3,Philipp Spiess
d29bbb95d7d27d3147a215156c00397178b835fb,2026-02-01T13:17:59Z,1769951879,26,0,0,0,2,Philipp Spiess
d80c9508040f3be4175899677426704afbce2115,2026-02-01T16:26:34Z,1769963194,11315,1,1,2,1,Philipp Spiess
21d0bff53a801c1005ab97c6f1cd6db90f2afbe1,2026-02-01T16:30:31Z,1769963431,237,1,1,2,1,Philipp Spiess
7d718fec914776a7a6dde4f09097379cfb15d83d,2026-02-01T16:31:47Z,1769963507,76,1,1,2,1,Philipp Spiess
af70e8353dd9016d80058f278155801515ceb1ae,2026-02-01T16:32:31Z,1769963551,44,1,2,3,1,Philipp Spiess
90f002ec8d490eca23a6684922d8fa12a72eb81f,2026-02-01T20:29:30Z,1769977770,14219,18,28,46,1,Philipp Spiess
85161028da6a7c4c0a4ea6d3311fa999843dbc7d,2026-02-01T20:30:59Z,1769977859,89,1,1,2,1,Philipp Spiess
6341ff333f47599e697aa88b59ad33157fb51c17,2026-02-01T21:07:14Z,1769980034,2175,354,106,460,9,Philipp Spiess
28b6a846093a222f29d6ca7dabca8996d01f59ef,2026-02-01T21:13:52Z,1769980432,398,2,2,4,1,Philipp Spiess
b40d115b43d929468d76f87ac142c308b613e415,2026-02-01T21:18:30Z,1769980710,278,2,2,4,1,Philipp Spiess
62f7eb3b49d1d476ad85d41db464c75a8dc6a278,2026-02-02T20:56:45Z,1770065805,85095,50,0,50,1,Philipp Spiess
64de624c42ec7365a3148cd4e5721c8d9499112a,2026-02-03T12:41:06Z,1770122466,56661,15,14,29,1,Philipp Spiess
32c1503f91fba4793f5ca7e7d5e1fe792fdf782e,2026-02-03T13:38:24Z,1770125904,3438,260,292,552,2,Philipp Spiess
e70540a0581ebd465416aba791207e57be9319d8,2026-02-04T00:05:43Z,1770163543,37639,2928,36,2964,32,Philipp Spiess
9e0e03f925598c2427094d1fe7633a750fec6f3d,2026-02-04T12:30:18Z,1770208218,44675,10,1,11,1,Philipp Spiess
f18cb19cdc4e4b1bb210c9f216e0ceb9dd0a09f5,2026-02-04T12:31:44Z,1770208304,86,1,1,2,1,Philipp Spiess
03128651f951ad02c24f5f8227629da4e01e549a,2026-02-04T14:26:22Z,1770215182,6878,12,5,17,1,Philipp Spiess
55521aed0f16ee768f154fb87592d71c0a40edfc,2026-02-04T14:27:20Z,1770215240,58,1,1,2,1,Philipp Spiess
7a9ae294a57e3eaaff7b58d9249457edd779fabe,2026-02-04T14:30:31Z,1770215431,191,3,3,6,3,Philipp Spiess
725d1464309d7c86a235e29d4a6f8116b1f1a4e2,2026-02-04T14:34:40Z,1770215680,249,9,5,14,2,Philipp Spiess
b0b04648ba8960884f300389e75f38f2a3497d61,2026-02-04T14:35:06Z,1770215706,26,2,18,20,2,Philipp Spiess
641ae8c3aaa1aaa20a2716685228c7602543360c,2026-02-04T14:52:09Z,1770216729,1023,4,6,10,2,Philipp Spiess
850cd969c92ab1701635d5223d2c08faf3865b92,2026-02-04T21:46:11Z,1770241571,24842,200,36,236,9,Philipp Spiess
a61cab74e143b4ee086b58eb449d69250bdf2ec9,2026-02-04T22:35:09Z,1770244509,2938,797,10,807,7,Philipp Spiess
6e030c0479976407a6e1106e9bea13395d1903d0,2026-02-05T10:47:57Z,1770288477,43968,1,1,2,1,Philipp Spiess
35fc9d2eff34236e04a03d5cdf066072ae1ee728,2026-02-05T13:12:52Z,1770297172,8695,144,311,455,4,Philipp Spiess
4e73918469f72e183420d2a1166fe6c1334f24c2,2026-02-05T13:35:13Z,1770298513,1341,298,138,436,6,Philipp Spiess
db1941aa87b53c1c10a9671734ee24adde1c832e,2026-02-05T13:41:49Z,1770298909,396,3,3,6,3,Philipp Spiess
17023327bdad96fdba6488753dbbe916a31aebdf,2026-02-05T13:47:34Z,1770299254,345,1,1,2,1,Philipp Spiess
cdf439a107b81704046d780bc54b239b0093d675,2026-02-05T21:53:27Z,1770328407,29153,101,1,102,2,Philipp Spiess
6fc8e5daecfbf1c304828e3f7d338e86a951564d,2026-02-08T21:40:20Z,1770586820,258413,449,931,1380,26,Philipp Spiess
4771881468df0b9de5d5e89ee062e9b2347a2ed7,2026-02-08T21:50:21Z,1770587421,601,234,738,972,4,Philipp Spiess
9812a789f89ebb8d3cf85f9215209b34c3c6c22f,2026-02-08T21:50:46Z,1770587446,25,15,5,20,1,Philipp Spiess
a304277f48caca4c75653ab27073e2a429831485,2026-02-08T21:51:20Z,1770587480,34,4,4,8,1,Philipp Spiess
0570dd3997e2b861a5391b12472c2b5113120fef,2026-02-08T21:52:33Z,1770587553,73,45,20,65,1,Philipp Spiess
71eef613c9a4d743eb277fc959bbbd7a08e47bd8,2026-02-08T21:53:00Z,1770587580,27,5,1,6,1,Philipp Spiess
4b49608f7580e25b879e33159dd82e43792ab52e,2026-02-08T21:53:21Z,1770587601,21,1,1,2,1,Philipp Spiess
56301774030e4103d7f2e4d634f65c60eb4deb27,2026-02-08T21:53:49Z,1770587629,28,1,1,2,1,Philipp Spiess
b12369e9ee1598d5e120ab50ff63e18c2705cb85,2026-02-08T21:55:34Z,1770587734,105,1,1,2,1,Philipp Spiess
8ad5048a4f53606de4dabd49f996616b1158be28,2026-02-08T21:55:51Z,1770587751,17,207,85,292,20,Philipp Spiess
b760422cad57c1438b557252a0e2ba2a105b35a0,2026-02-09T22:16:39Z,1770675399,87648,238,151,389,8,Philipp Spiess
15b4cda644f140227d7f51de2ca7f77a04e0b305,2026-02-09T22:20:01Z,1770675601,202,0,340,340,1,Philipp Spiess
e2a8afe79cdbeeb2ac09ff9a1d36f8048c97aa13,2026-02-09T22:21:47Z,1770675707,106,105,16,121,7,Philipp Spiess
aabc38000295a5795e9cb1f4548806752b41c369,2026-02-09T22:22:58Z,1770675778,71,26,0,26,6,Philipp Spiess
a98d94acbf1f5cbfe2d92d99b3c375943e3bbdfa,2026-02-09T22:31:52Z,1770676312,534,3,3,6,3,Philipp Spiess
bcc424b6e194268ea46a3966ae6a423b9f993fc0,2026-02-09T22:38:35Z,1770676715,403,22,47,69,2,Philipp Spiess
eeff773f70dd8477cff7f54226cebb5e77c0fd70,2026-02-10T14:12:18Z,1770732738,56023,7,0,7,1,Philipp Spiess
f745967e113bdbe46d9443c8361a03d5f3f62f81,2026-02-10T18:27:37Z,1770748057,15319,3,3,6,1,Philipp Spiess
61d2e6d7b7d8d5271f7c9e565a41ea88abdea2de,2026-02-11T22:12:40Z,1770847960,99903,2,2,4,1,Philipp Spiess
61c882cfe78817bdaa30bb0e32cc4f9d3dcc9220,2026-02-12T12:14:38Z,1770898478,50518,22,8,30,4,Philipp Spiess
edf00de232deac2b89cb1e8214e92b4f946923dd,2026-02-12T12:15:07Z,1770898507,29,2,2,4,2,Philipp Spiess
1507ad00552fdcc2fbd26c230a7fc40f00050dfc,2026-02-17T20:37:55Z,1771360675,462168,0,15,15,1,Philipp Spiess
77ee15d65861aed4cfc1f69ea530cecb6b622aec,2026-02-19T01:50:14Z,1771465814,105139,17,5,22,1,Bee
0c0d06f8d5d7037cbc9044bbedb145f5ced5a106,2026-02-20T20:13:36Z,1771618416,152602,4,4,8,1,Philipp Spiess
bb282bf8c48bdb8d68cbc3c4c679fd4c207a6271,2026-02-20T20:13:59Z,1771618439,23,1,1,2,1,Philipp Spiess
6ed0652cb5e63caf3adbf12d4d2835a9821c43d8,2026-02-20T20:43:33Z,1771620213,1774,5,0,5,1,Philipp Spiess
ed2362172c147c7828fcb176e766451f3fedcfa7,2026-02-20T20:43:36Z,1771620216,3,1,1,2,1,Philipp Spiess
b1bc7e58ad2968cf41910a099b8679b3bef7bec1,2026-02-24T22:47:23Z,1771973243,353027,7,0,7,1,Philipp Spiess
01ab21f16d43f1e583c1dfb1006dd95f69dffb08,2026-02-24T22:47:32Z,1771973252,9,1,1,2,1,Philipp Spiess
bcaf627ae8d223ad727d63bf938d3ed236625d40,2026-02-26T23:03:25Z,1772147005,173753,2,2,4,1,Philipp Spiess
56926e7051e969e28df9c4aed22f5dc1802289c5,2026-02-26T23:03:33Z,1772147013,8,4,4,8,1,Philipp Spiess
688a6baf6ef84233e5fd241da29f543dbbf83ae3,2026-02-26T23:03:41Z,1772147021,8,26,26,52,1,Philipp Spiess
38eebe0913dfd86fcaf3b609d5598663da3885cf,2026-02-26T23:03:49Z,1772147029,8,2,2,4,1,Philipp Spiess
7a0dfacbd646715285890e59b475961f7ffd16d2,2026-02-26T23:04:02Z,1772147042,13,446,250,696,1,Philipp Spiess
fb88868206f692f6d3fa8d55d86d3f030c15f8fe,2026-02-27T09:02:00Z,1772182920,35878,1,1,2,1,Philipp Spiess
